GIS_ID;Distance_market_town;Closest_market_town
1498;22,010101533539160;1511
1499;5,328168889936782;1511
1500;9,683900549401097;1511
1501;16,924829096124661;1511
1502;11,779125224185735;1511
1503;13,735861348014462;1511
1504;14,949904131511959;1523
1505;11,560073903076121;1511
1506;11,407308448069701;1516
1507;12,151773713089558;1511
1508;8,265449709780434;1511
1509;5,898240386889863;1511
1510;5,588598264248136;1511
1511;0,445147253402168;1511
1512;19,577606922231553;1594
1513;11,324261101085725;1511
1514;15,072038340218224;1511
1515;9,871860415668161;1511
1649;12,886778933382720;1523
5;22,703778610851710;1009
6;14,843177284423886;765
7;17,142222531568649;1557
712;8,019299811510292;1551
713;11,964996952286132;1551
714;15,549767225815023;1551
715;13,420739667495353;1551
716;9,794276019326340;1551
717;11,457826385233822;1551
718;23,529816840133972;1551
719;7,957977939130345;1551
720;8,556232346013788;1551
721;14,198629909999958;1551
722;11,891805721868826;1551
723;16,159600207271289;1551
724;21,224942212837878;1634
725;20,270829039560361;1639
726;14,275388300657758;1639
727;20,671046788769825;1549
728;24,408160567269547;1634
729;22,636605537235177;1639
730;11,641060595532981;1639
731;17,482543832011821;1639
732;17,200074931060076;1634
733;8,625874855906478;1639
734;8,627380402157163;1639
735;18,588839248140992;1549
736;24,537823942830489;1634
737;25,568070281611973;1549
738;19,203298712597697;1551
739;22,962341978246219;1009
740;22,009521716801537;1009
741;17,645391988040224;1551
742;18,870847440411293;1551
743;20,365332513517362;1009
744;20,177290222565844;1551
745;18,467429928314147;1009
746;22,699361929940128;1551
747;20,770026822273646;765
748;18,233863422747906;1009
749;21,346724178333734;1009
750;22,592411395613748;1551
751;18,696009830476154;1009
752;13,808596451664746;1009
753;6,585038555515780;1639
754;4,719744327905569;1009
755;16,324974297178809;1639
756;9,342144503331863;1009
757;18,757051563430824;1009
758;15,342317829457832;1009
759;5,911336497715169;1639
760;9,668974233817274;1639
761;5,631883893219675;765
762;14,159339111463314;1551
763;7,159465390829290;1551
764;17,722758658049607;765
765;0,711383481735113;765
766;8,409886145762439;765
767;14,297763686052647;765
768;9,601050830956085;1551
769;7,918385846434993;765
770;17,369960739266944;765
771;9,766514813178446;765
772;3,243835207798976;765
773;9,281161857335350;765
774;19,452155574111266;765
775;7,890369780143247;562
776;12,838981246553256;1557
777;23,422173246357339;1557
778;12,375142885151607;1557
779;9,777561883803692;1557
780;7,991867915527353;1557
781;12,709125737997892;1557
782;10,916050342630246;765
783;13,345435871981554;765
784;3,443035463435534;1549
785;12,101127982511937;1549
786;5,503418040752233;1549
787;6,236047175918455;1549
788;10,355612347960600;1549
789;5,866227047749148;765
790;7,433466595089766;1549
791;8,797662918363882;765
792;7,676169512039072;1549
793;6,540304836665159;1549
794;15,489333614286711;765
795;17,064606924395655;1639
796;10,184675572075431;765
797;12,785322792680342;1549
798;17,938662344201120;765
799;20,892461825383645;1549
800;18,090797452024052;1639
801;15,608618987639069;1549
802;13,839340145762941;1639
803;13,630644267923165;765
804;17,541436709094864;1549
805;15,874083528038158;1549
806;20,555732246219993;765
1533;3,056358636848207;1551
1540;5,206436094171469;1551
1544;14,316248811477106;1009
1545;9,041075542370210;1009
1549;2,074123448040697;1549
1551;1,319301716291038;1551
1554;4,647838133564915;1557
1555;4,976888853137405;1557
1556;10,543489512775627;1557
1557;2,380219573816586;1557
1558;23,011442305323946;1557
1632;10,257067570921043;1549
1640;3,308324950637456;1639
1641;2,709401243989491;1639
1681;4,848589446102415;1557
1684;16,916324263796106;1557
1054;12,529397079669009;1569
1055;13,281061086807130;1569
1056;12,014425244330322;1129
1057;14,798004582488765;112
1058;16,219664773969804;1569
1059;13,958141693475195;112
1060;12,691436434114413;112
1061;9,253910767021384;1129
1062;10,749920535794383;112
1063;11,002258415534776;112
1064;13,744340887838099;1729
1065;20,475013157624385;1129
1066;17,208412452366332;1729
1067;20,976072511760268;1129
1068;20,133220957383070;1729
1069;22,222855312741046;1129
1070;14,342283949909437;1729
1071;8,593802510296589;1129
1072;16,622068487575930;1129
1073;14,179982148306022;1129
1074;18,350292676313128;1129
1075;18,310334546504119;1569
1076;9,850226950566087;1129
1077;17,059115135944566;1129
1078;6,389529634227276;1569
1079;3,860153190351106;1569
1080;7,296498662278047;1569
1081;10,160955112263419;1569
1082;5,469330997801323;1569
1083;8,870431402056122;1569
1084;7,070656234039276;1569
1085;3,102994659027706;1569
1086;11,166296401575300;1129
1087;10,008690263201041;1569
1088;9,119130051568662;1569
1089;13,326010381466645;1569
1090;9,466660499050045;1569
1091;11,507256629993091;1129
1092;7,828631793733670;1569
1093;13,401587517105211;1129
1094;26,419478372616648;1569
1095;16,640444533660453;1569
1096;10,209676206872491;1569
1097;15,693108352727123;1642
1098;17,417986698478536;1569
1099;16,845754524129223;1569
1100;15,167156244336258;1642
1101;12,656216085093385;1569
1102;18,658821278443984;1642
1103;8,891887666358819;1569
1104;10,037357637454328;1569
1105;14,138357487894728;1569
1106;7,829823409410715;1569
1107;15,593204026357158;1569
1108;11,331965253903634;1569
1109;12,040899350778435;1569
1110;9,762320697870392;1569
1568;5,251364949965941;1569
1569;1,854207025573348;1569
1570;3,601769198438276;1569
1571;5,065513486698575;1569
1572;8,950631415962020;1569
330;0,757465446604104;330
331;4,327995825614172;1583
332;4,720496704261346;330
333;10,236673439083255;1583
334;4,238021264496795;335
335;0,617365530425634;335
336;6,465626619525303;339
337;6,904317748716615;335
338;0,986964330722581;339
339;0,300170899763808;339
340;3,182707346543535;343
341;5,205304925849584;330
342;6,960247228331370;343
343;1,758748737179599;343
344;5,279893010667513;339
345;20,888464960044672;348
346;13,598357567702399;348
347;3,827319072855447;348
348;0,296758918056200;348
349;11,566398687674514;339
350;7,247092843540056;348
1581;6,394605409743208;330
1582;1,776185106635491;1583
1583;0,256297650445207;1583
9;9,523055172759015;1718
10;9,401820840808769;1586
11;9,025234503466496;1586
12;6,307280877174891;1718
13;10,701544592000930;1718
14;8,181091367295688;1795
15;4,571627818743315;1793
16;3,943782164271444;1795
17;4,603076315714135;1793
18;6,621885632266436;1793
19;5,034385406585391;1793
20;5,716180093084104;1793
21;3,459909003791671;1795
22;4,922876166301828;29
23;1,502559762025187;23
24;2,881511655186082;29
25;6,203750182514968;23
26;8,070772306458736;23
27;4,080854244973778;23
28;5,167033773610876;1795
29;1,290633845136509;29
30;6,570096626319769;29
31;4,696310757654663;29
32;6,871275155682962;23
33;1,234471428592410;33
34;5,796411037445032;1607
35;2,639890430353633;1586
36;8,723512894270922;1586
37;4,220547661670715;1586
38;7,510198918161701;29
39;5,450020673273372;29
40;6,924240754148914;1586
41;7,065590175306487;1586
42;10,063834148610182;1607
43;8,802112779402650;29
44;4,999660333685705;29
45;5,202865655788862;1795
46;8,607133386163015;29
47;11,032334392914946;29
48;7,226993427581403;29
1531;9,942414897675283;23
1532;6,814574172556636;1718
1586;2,949425988531500;1586
1587;7,208386317610674;33
1588;10,847285832050204;1607
1591;4,642414811465072;23
1592;1,068622146441922;23
1593;4,263173451234544;23
1594;7,161295650913411;1718
1595;6,114751945116637;23
1607;1,786115507463027;1607
1608;5,574105795992844;1607
1609;3,274341157702467;1607
1717;2,566785286057390;1718
1718;2,459095279172401;1718
1719;6,361688875131878;1718
1793;0,419816836109583;1793
1794;4,438101892634683;1793
1795;1,231664214176141;1795
1796;2,673092900358916;1795
1424;14,029608477548297;1381
1425;18,652530266493681;1381
1426;16,072699163844447;1381
1427;19,140349091998448;1381
1428;20,469293743076598;1648
1429;22,306815883143742;1381
1430;11,907305734658664;1381
1431;23,285009707183544;1445
1432;17,128508249870276;1381
1433;7,588185904030909;1445
1434;13,616638132023608;1445
1435;21,887937647247117;1648
1436;9,282503184906531;1445
1437;20,117358642075175;1445
1438;18,350077985864520;1445
1439;14,907712045595941;1445
1440;14,774942333745942;1445
1441;11,119629060282181;1445
1442;11,187014062571253;1445
1443;3,385397250773921;1445
1444;7,075876447047031;1445
1445;0,547434794772345;1445
1446;7,664747759714625;1445
1447;5,637056653922674;1445
1448;3,998122393084661;1445
1449;6,839430161021536;1445
1450;9,483026386162424;1445
1451;10,869415153698732;1445
1452;4,184760526749643;1445
1453;19,589491051207236;1511
1454;18,888864940575200;1445
1455;25,704725121163335;1511
1456;23,642460202948133;1445
1457;22,408161367998332;1381
1458;13,076567185184409;1445
1459;6,062163683703116;1445
1460;10,760320984262767;1445
1461;13,765466265786975;1648
1462;9,842034734943500;1445
1463;14,414266979958491;1445
1650;10,991424584062434;1445
1732;10,484943762878700;1445
562;0,102301146700996;562
563;13,962268528503799;562
564;8,446899475945841;562
565;17,797683230735206;1630
566;5,030027886560293;1630
567;10,778245226090705;562
568;15,224587892906428;1630
569;6,755286841400300;1630
570;8,624220872572568;1630
571;5,537077816860579;562
572;8,259334053297879;562
573;8,491922188535112;562
574;3,883451779093477;562
575;13,035527617286764;1630
576;10,854157091285535;1630
577;10,891621735964735;1630
578;13,595913342187805;562
579;10,245029816187925;562
580;5,214295208349106;562
581;11,060169584358860;588
582;9,344336108729276;562
583;15,059173690343199;562
584;13,736364686108198;562
585;8,210260971119187;588
586;7,367678933372302;588
587;15,222107089446963;588
588;0,638774791382408;588
589;14,413877064839333;588
590;6,100311931878612;588
591;15,015998124888963;588
592;3,424311288526835;588
593;12,487593528900998;562
594;15,392580532598025;1630
595;10,261456592787413;1602
596;2,391060816938490;1602
597;7,301983652698543;1602
598;15,955304594175406;1630
599;14,994357708524980;1602
600;16,508126718414690;1602
601;1,914904410560196;601
602;10,178619229023829;601
603;11,759821659891658;1602
604;12,635369841253043;1602
605;7,820171957350067;1602
606;11,292311621067887;562
607;21,911611141317497;562
608;15,676247839708331;562
609;18,338878693278332;562
610;15,340205208931115;562
611;12,141037311769210;562
612;31,865807066092664;588
613;38,376524415471557;588
614;27,488021550657194;588
615;11,740030603044490;1630
616;6,942532668524669;1630
617;6,908295233011120;1630
618;5,881052017148955;1630
619;12,264018959752431;1630
620;9,967747263211043;1630
621;10,501743957411318;1630
622;11,180492078114460;1630
623;12,609095877838914;1630
624;2,194209335099007;1630
625;11,871900252985222;1630
626;7,429992163955162;1630
627;9,275170623343302;1630
628;14,540586454485473;1630
629;10,891141152910283;1630
630;7,882397668672064;1630
631;5,503345702454090;1630
632;5,159791817720075;1549
633;8,619040015196138;1549
634;19,532544978940621;1549
635;14,332858103579134;1549
636;17,056615183840595;765
1559;23,286115453002509;562
1602;0,865845443237752;1602
1630;1,692631934549417;1630
1631;3,127998231680273;1630
1679;12,300537581453129;765
1680;13,274163656366060;1549
1682;15,490463102915404;765
1683;14,183723663624546;765
1685;10,687341312412073;765
1714;18,595742362114443;601
1715;20,594047519585686;1630
1716;21,631840208063114;765
0;15,230384864426538;1621
115;13,687539300840681;1773
116;6,297929377469021;1773
117;10,329406143408459;1773
118;14,185783420582439;1773
119;11,667610266428918;1773
120;10,688271850373269;1773
121;3,125556112325359;1773
122;16,628396795085298;1773
123;12,791112201189168;216
124;13,112690752878528;216
125;10,455122407387465;216
126;17,206094312539250;216
127;16,219290080293469;216
128;7,083967125233029;216
129;17,593159480851664;179
130;15,676058983863786;216
131;12,432480188855141;179
132;9,083399471863487;216
133;11,124505205250248;216
134;7,227259513834896;1621
135;4,080682546503351;1621
136;13,433778428864088;193
137;9,029347523527379;1621
138;15,524521705817651;179
139;8,459257415616079;1621
140;12,844445091486293;179
141;7,306588642904077;1621
142;10,272383457283395;1621
143;12,243403807378280;1621
144;4,874168252650625;1621
145;10,960308737599036;179
146;11,522652686116068;1621
147;16,163961631233921;1621
148;5,752945609525576;1621
149;5,105238992371796;1790
150;19,405282906086775;1790
151;35,743885376139382;1773
152;27,727130938974653;990
153;33,457017458027430;1773
154;15,070773219310867;1773
155;17,047417994755165;1773
156;17,184081785833975;1773
157;21,630791086833334;1773
158;15,555420616139477;1773
159;23,624737399755212;1773
160;11,535807525008922;1773
161;14,386113383273855;1621
162;19,262591094981335;1621
163;4,371872269603377;1621
164;18,927453972056760;1621
165;12,358848133922935;1621
166;9,194397235046804;1621
167;18,738325981893862;1621
168;14,921916545353911;1621
169;5,384789650433282;1621
170;5,560898399150351;1621
1584;19,442658422817413;1773
1603;14,740422595941471;1621
1604;12,636669398325619;193
1620;2,800592834421208;1621
1621;1,182586508411616;1621
1730;34,648663527240231;1773
1731;37,605289978177304;1773
1773;0,826154837107553;1773
1774;4,054198216708414;1773
1775;13,318689147171238;1773
1776;4,359046139667455;1773
1777;7,580798624207153;1773
1778;14,991234908390386;1790
1779;8,640308568298282;1790
1780;20,088156165936496;1621
1781;10,197620509981370;1621
1782;19,783338982793374;1790
1783;12,511720419746885;1621
1784;19,025126232177012;1773
1785;16,827114839108443;1621
1786;9,524963242151843;1790
1787;6,368001117325957;1621
1788;12,156966009122677;1621
1789;16,460126385737059;1621
1790;1,122648375911608;1790
1791;5,123895056753948;1790
1792;5,901313264908222;1790
1840;17,406673107162124;216
49;13,016589536964005;193
50;11,556362518769692;1619
51;9,081189515737847;1606
52;7,972662525236700;1619
53;5,302717418470562;1606
54;12,341558044090872;193
55;11,137770294158630;1606
56;8,189468262618218;1619
57;9,124201466871618;1619
58;5,102905676713025;1606
59;11,394679776058576;1619
60;13,679459402204262;1614
61;8,450625473553924;1614
62;10,921724241838939;1614
63;10,119630778955926;1614
64;14,294407560999529;1614
65;12,327494065550384;1614
66;15,975405159381303;1619
67;16,320910229588840;1619
68;13,463915947173216;29
69;12,306110470557872;1619
70;14,181599397200380;29
71;11,108494891292063;1619
72;13,113022342036663;1614
73;13,892544188485038;29
74;8,551038497308832;1614
75;10,041632061845347;1614
76;11,106763086921893;1614
77;10,178952323546858;1607
78;7,565610842393457;1614
79;5,962385091464416;1607
80;6,837235582533227;1619
81;5,438635849114913;1619
82;11,799356602647679;29
83;6,457683278757377;1619
84;11,140018717263132;1619
85;9,212457290397657;1793
86;10,094362000115952;1619
87;6,254403640689103;1619
88;4,200150413873197;1619
89;4,507041142149994;1619
90;7,045465711655655;1619
91;12,799860979872609;1619
92;10,807991871991430;1619
93;7,549280908421630;1606
94;12,272243077519285;1619
95;11,263572872289053;1606
96;14,521486363640541;1619
97;8,803433350777107;1606
98;7,637990800144918;1619
99;8,802858825003062;1619
100;9,473164537578018;1606
101;8,203027330561051;1619
102;9,225687637679691;1619
103;2,952707079313394;1793
104;8,741774992261705;1619
105;15,076748737807263;1619
106;6,544874395086887;1793
107;10,070563689001656;1621
108;13,478811544237949;1619
109;11,587070144274724;1619
110;9,263283516306764;1793
111;12,453902375171284;1619
112;10,211353756262801;1621
113;4,148087608503541;1793
114;14,045775360802306;1619
1585;11,811178311280836;1619
1600;10,776614935798861;1614
1605;0,787740418213258;1606
1606;1,406141355479861;1606
1610;5,922106476412176;1614
1611;5,321401548424864;1614
1612;5,385648188173970;1614
1613;2,837942192046603;1614
1614;1,932375062573767;1614
1615;4,043528113944330;1619
1616;2,941385846812487;1619
1617;1,402775983476816;1619
1618;4,345658959999173;1619
1619;1,484947836153438;1619
351;13,759885370167572;401
352;9,393044769782200;1809
353;2,663993889891072;1799
354;11,159687050232160;1799
355;5,789342847048825;1809
356;6,494553216044964;1799
357;7,342707882813062;1809
358;6,302002711154469;1799
359;7,992787972153256;1799
360;8,908122996780001;1809
361;10,803999517703994;1809
362;6,195042769840586;1809
363;3,252167970837486;1809
364;9,129965550092281;1809
365;6,382905988619412;1809
366;3,476123488587878;395
367;20,097809045666178;395
368;20,594827542968371;401
369;8,037209334293012;395
370;4,240735548827787;395
371;5,368961922643608;
372;4,846071026008032;395
373;1,806265762872342;
374;7,785770444782083;
375;6,533898514702253;
376;14,596422971881132;1826
377;5,426531985528955;1826
378;13,043681877849624;1826
379;7,437349042839380;1826
380;7,269691356181910;1826
381;10,871950055597901;1826
382;7,008205663153166;1826
383;11,381119690100464;
384;8,529137977122907;1826
385;10,037762421985736;1826
386;7,743268696525663;1826
387;5,050713782324586;398
388;7,634890982880591;398
389;4,542858334234297;395
390;5,284295002945918;401
391;8,850466352318767;401
392;4,466995041195948;398
393;3,440827471676976;395
394;4,572406976509105;398
395;0,242385024146425;395
396;2,191329006369057;395
397;8,272681273907763;398
398;1,087537611778895;398
399;4,496552348604171;398
400;4,557084691432817;401
401;0,171110753776872;401
402;3,222364096061503;401
403;4,704067990472077;401
404;6,462165664048521;1809
405;5,172978819907513;401
406;9,729377726245328;398
407;9,491338751525962;401
408;3,281496495922818;401
409;7,119778031794529;398
1579;6,484594461811198;395
1720;3,474090412917114;1826
1721;7,940895465382494;1826
1799;0,294941251567611;1799
1800;5,381951024658374;1799
1801;6,576731533509220;1799
1802;3,372148724875932;1799
1803;10,136590663101062;1799
1804;14,251799859856627;275
1805;10,423424893063553;275
1806;12,206661441155145;275
1807;12,099817259803199;1809
1808;8,083783832282824;401
1809;0,818912149248306;1809
1810;16,165688199204038;398
1811;5,763159655931317;1809
1812;10,992884123831722;398
1813;8,077759967392447;1809
1814;9,028066812438878;
1815;3,828957905555484;
1816;9,695003542990611;1826
1817;10,652314087724040;
1818;5,907376404941377;
1819;4,750890926588537;
1820;7,769693285361911;
1821;11,200406113302563;1826
1822;2,582102185319178;
1823;6,401729553953268;1826
1824;4,589871349088039;1826
1825;9,107024319181269;1826
1826;1,512410214585986;1826
1827;4,334545994234987;1826
1828;5,489815466003333;1826
1829;9,655584704195338;1826
1830;12,310329374983281;1826
1831;10,807132735816968;1826
1832;13,400096134661162;395
1833;11,615427040192625;395
1845;3,192022433190773;
1846;8,116988595381729;1826
1;16,042280001731463;418
2;8,866387486698347;1626
410;8,101763646377661;1626
411;9,744391687583612;1752
412;7,864201876216356;1752
413;4,977420612765385;1752
414;9,021524259648700;1626
415;2,462242991714038;1752
416;6,471315457076815;1752
417;6,258336730109523;1752
418;0,726835682484032;418
419;8,916678345012436;418
420;7,409833675144113;418
421;11,017172610570118;418
422;10,803197595937617;418
423;3,820307594712891;418
424;5,554327590373535;418
425;12,081073257775085;418
426;3,992782935628794;418
427;14,832813317426183;418
428;7,553356176453494;418
429;15,223514928196010;418
430;8,017568212895887;418
431;11,320140880799341;418
432;6,107799121196759;418
433;10,978447932288899;418
434;7,410682808098045;418
435;10,442163281023259;418
436;13,358170056047792;418
437;7,921928360846206;1626
438;14,401944038287967;1626
439;10,446197042964428;1626
440;13,225373396865566;1626
441;11,839577118301440;1626
442;9,393453217713716;1626
443;4,376566863375455;1626
444;10,708009157143382;1626
445;5,963542545203010;1626
446;4,480667076765331;1626
447;6,238436378281034;1626
448;6,821402381661993;1626
449;14,702777326113006;1626
450;7,993350418999233;1626
451;9,216314101528299;1626
452;16,615027006596950;1626
453;15,726587733049765;1626
454;17,097761537359453;1766
455;11,377597861720325;1766
456;13,195910539474736;1766
457;14,272876216635673;1766
458;6,436203466688562;1766
459;4,695769368302214;1766
460;9,079720386069660;1766
461;9,183563406777099;1766
462;6,242100688832322;1766
463;8,145554827093749;1766
464;12,220157906692258;1626
465;12,428989658008339;1766
466;12,474914002455980;1626
467;11,330406569192506;1578
468;12,875221581544958;1578
469;10,469854635086341;1766
470;14,875267138232026;1578
471;14,229834651803962;1766
472;16,055396814694042;418
473;11,586721720605272;1766
474;13,804112900076076;1578
475;3,817546210725258;1578
476;10,766588725117476;1578
477;8,470787180374550;1578
478;17,583966003523816;1766
479;8,861106460197458;1626
480;8,301958366389268;551
481;8,776067372054289;1626
482;10,520083342975399;1626
483;13,346527523476226;1626
484;4,679918329726342;551
485;7,726621840571658;551
486;7,407547337871588;551
487;5,966745007177601;1626
1574;5,641060519531862;1578
1577;2,208163174342933;1578
1578;0,519358012254496;1578
1626;0,380243059354270;1626
1627;8,182982242514816;1626
1628;1,317073392152101;1626
1629;3,207595682245624;1626
1735;15,487215280387666;418
1747;15,191863519135522;418
1750;7,463659807780994;1752
1751;3,462896686980327;1752
1752;1,334713977148943;1752
1753;6,043804830190157;1752
1754;12,895259401375739;1752
1755;10,357146225204668;1626
1756;5,389033141529986;1626
1757;1,849806973861121;1626
1758;5,960754321050245;1626
1759;16,951026063814670;1626
1760;12,643559501311257;1626
1761;17,750555027088129;1766
1762;8,718473496633310;1766
1763;10,564796586145576;1766
1764;13,273351683563924;1766
1765;5,582656229007707;1766
1766;0,958358643883466;1766
1767;2,945898833371014;1766
1768;8,199284060383915;1578
1769;5,675004363045853;1578
1770;8,829010307413309;1578
1771;12,017570820262609;418
1772;14,289378179885158;1578
253;9,767401745763403;1606
254;10,169374966502177;1606
255;11,589210542326050;193
256;4,511923864210301;1606
257;9,207378541513108;1606
258;10,827626992106989;313
259;4,878724179676170;1606
260;7,749250917942152;1606
261;9,263474006706563;1606
262;9,672159365843706;1606
263;6,732634576471187;1606
264;10,643406943043800;1606
265;11,442276640543774;1606
266;4,268052567059942;271
267;10,415360099328083;271
268;6,349768449469592;271
269;11,334283753470469;275
270;8,556582562087595;271
271;0,306376635669837;271
272;1,662359288596503;271
273;7,341799183196253;271
274;7,263869535558893;271
275;2,781644694679729;275
276;5,081258443267310;275
277;8,048657074451569;275
278;13,263617653918821;313
279;12,674510858847503;313
280;12,783353780823790;271
281;8,140644010762577;271
282;12,118296361378064;313
283;17,162698053915928;1606
284;12,802833520559139;1606
285;17,872846651105366;1624
286;18,130235906236358;313
287;11,481502810703708;1624
288;6,669121050458194;1624
289;3,482090642230605;275
290;10,272407371049288;271
291;8,519745330203953;1624
292;6,952845474344904;1624
293;3,715241766753134;1624
294;7,433426279651848;275
295;10,146330316024970;1624
296;6,062913235160695;1624
297;7,874648895785210;1624
298;4,250469705731859;1799
299;0,302775788138419;299
300;3,917937608546056;299
301;8,740532667412774;1799
302;4,082479890099474;1601
303;4,193947291740560;299
304;4,385589122765118;313
305;5,324685076346200;313
306;7,419492383336665;313
307;4,666031966381746;313
308;4,154346427526518;313
309;4,206043882167810;313
310;7,213146686298715;313
311;7,075470527801324;313
312;9,250189594141670;313
313;0,642583255950545;313
314;1,392098226619445;313
315;9,825547724977660;1606
316;7,981011509698257;313
317;11,959331480015816;193
318;11,286215221778692;179
319;6,357149264802665;1624
320;11,433185797524725;193
321;9,954658173066218;1624
322;8,606045370666532;179
323;6,345276743712909;1624
324;8,214438123508049;193
325;10,084509613493578;1624
326;11,143864491375574;193
327;8,752435895064831;193
328;14,450191025723388;1624
329;6,732316144398745;193
1580;15,233241785661392;271
1597;4,676210735474949;271
1598;1,514638772981384;271
1599;6,002303869943839;271
1601;1,709585175596173;1601
1624;1,004520252368179;1624
1797;6,795778440695587;1601
1798;2,434849522748157;1601
1834;12,714205837538536;275
944;54,476647005930602;1637
945;19,921669365750457;1637
946;11,114386899841360;1637
947;15,140342080563274;1637
948;4,587381422923075;1637
949;14,401914978964687;1637
950;7,439661005934657;1637
951;8,677560081583851;1637
952;18,120014923105664;1637
953;9,295046651465016;1637
954;6,905770480068045;1637
955;5,405292623793182;1637
956;5,329686813868199;1637
957;14,353127325016448;1637
958;17,352737335496307;990
959;10,964422435325540;990
960;9,183588480961120;990
961;11,240344146446844;1637
962;7,765376879912505;1637
963;10,678615168637039;990
964;13,391418056416885;1637
965;12,081707019447439;990
966;11,299306276386515;1642
967;14,183191939138634;1642
968;16,147584385630520;1642
969;3,828250484031543;1642
970;11,692394539469616;1642
971;11,701158846523549;1642
972;12,003553587514661;1642
973;9,435857909721451;1642
974;12,638303168020213;1642
975;6,339919524531678;1642
976;16,818336961422780;1642
977;7,624792919485400;1642
978;8,078904677755716;1642
979;16,611419020556934;1009
980;12,928600825879569;1009
981;9,533838031189719;1009
982;11,139780922377676;1009
983;11,472308527704785;1009
984;8,209474647606090;1009
985;17,512155625907667;1009
986;21,587665002057015;1009
987;10,879551649594511;1009
988;9,243593670320267;990
989;3,936063888823695;990
990;1,015268285571403;990
991;3,886772510423437;990
992;12,664024440263780;990
993;11,571321984527076;990
994;12,783512175011136;990
995;13,259199735429453;1569
996;9,391455901414252;990
997;11,055902316447808;1009
998;10,903081249812175;1639
999;8,482556142885933;1009
1000;6,965389503693644;1639
1001;12,393839903177904;1642
1002;10,976418377950598;1642
1003;9,396997540000330;1642
1004;9,385810915015485;1642
1005;8,175573467562392;1639
1006;6,781784589897246;1009
1007;4,934535975783185;1009
1008;7,147306660271532;1639
1009;0,884685627201374;1009
1010;3,380927315154519;1009
1011;3,254640125052133;1639
1012;7,459150136017584;1009
1013;4,626871754479137;1639
1014;8,726150118176506;1639
1015;5,293598886199937;1009
1016;6,137715857823387;1639
1017;21,888994742502096;1642
1018;18,966367700360664;1642
1019;22,052221683747941;1009
1020;6,457223916271005;1642
1021;5,139414309766942;1642
1022;8,766688233587248;1642
1023;5,831148235089536;1642
1024;7,544137912651708;1642
1025;22,035660133839116;1642
1026;7,386070205464541;1642
1027;24,845482075595456;1637
1028;22,404829270661498;1642
1029;11,739600562465913;1642
1030;3,414549040944844;1642
1031;19,275689176271484;1642
1032;15,397997363815563;1642
1033;25,329936138290098;1637
1034;13,423178214427429;1642
1035;23,113847804926735;1637
1036;16,248497261804889;1642
1037;17,841179568486293;1642
1038;18,368910621083739;1642
1039;20,065646801959797;1642
1040;16,650554912940777;1642
1041;25,631556476916270;1642
1042;19,628391355100629;1642
1043;8,573602885544551;1642
1044;16,393579105514988;990
1045;9,124718946875575;1569
1046;12,296441203387664;1569
1047;18,729574513889208;1569
1048;17,133849905337179;1569
1049;22,285887086853606;1569
1050;21,362513585824402;990
1051;14,836369449754018;1569
1052;20,077594085653907;990
1053;14,128225559522141;1569
1636;5,146949387831953;1637
1637;0,675714107961636;1637
1638;1,984801867904123;1637
1639;1,586971371426385;1639
1642;2,552224394445740;1642
1643;1,644596105404657;1642
1651;16,784022062242656;1009
1686;15,880688257371910;1009
1687;15,777401028940522;1642
1688;8,267801585663754;1642
1689;12,602606118084937;1642
1690;17,109287261377766;1642
1691;13,647273815248246;1642
1692;18,828194948330331;1642
1693;10,703085111239000;1642
1694;11,781803040190466;1642
1695;8,376984018434031;1637
1696;18,889246183505467;1637
1697;14,200681858819044;1637
1698;8,922853035074990;1637
1699;12,496312044753008;1637
1700;4,789364989884891;1637
1701;19,823738587315585;1637
1702;15,006705122147816;990
1703;3,714854581689623;1637
1726;11,979714038029517;990
1350;15,466729409041772;1648
1351;22,874328842788707;1648
1352;17,793788109662650;1648
1353;7,940046031157414;1648
1354;13,011272396069122;1648
1355;9,786681571987035;1648
1356;9,216770518803736;1648
1357;14,232417239504752;1648
1358;18,321756867915195;1648
1359;16,766863706654760;1387
1360;13,606038286129005;1381
1361;16,844633583789882;1381
1362;12,486122965467754;1381
1363;10,826641909815443;1381
1364;21,419393848135130;1387
1365;9,063663822196100;1381
1366;23,867363820710448;1416
1367;24,644604707053301;1381
1368;21,257304911409570;1381
1369;16,140235020948545;1381
1370;23,533831197657339;1381
1371;31,597709155189072;1416
1372;24,311359564855636;1648
1373;24,732226310799412;1381
1374;21,440434146412187;1648
1375;5,157339297267490;1381
1376;7,523981245226807;1381
1377;9,162264081436847;1381
1378;14,795942334189228;1381
1379;5,826287196316646;1381
1380;2,923486936781886;1381
1381;1,795567678985398;1381
1382;1,429596580533541;1381
1383;5,903760894920230;1381
1384;5,480113426136510;1381
1385;4,696303038008396;1416
1386;7,730611194936038;1387
1387;2,360797983155126;1387
1388;18,414792767091722;1416
1389;10,544861075207079;1416
1390;7,251892025862510;1387
1391;10,025772290261282;1416
1392;5,292809415558968;1387
1393;7,748088266400904;1416
1394;8,787471888962923;1387
1395;12,121289921114771;1387
1396;11,428332228444287;1387
1397;8,100526869600653;1387
1398;8,377102000032339;1416
1399;15,007743775148636;1387
1400;22,461828228988754;1416
1401;13,441789077079987;1416
1402;12,732259371975696;1416
1403;28,466891498182260;1239
1404;30,464829675417405;1416
1405;32,339276542396824;1416
1406;29,406277469095485;1239
1407;9,896967896301659;1416
1408;14,944186670739278;1387
1409;16,496408090302094;1416
1410;15,084165367314222;1416
1411;18,601383699518063;1258
1412;23,891936327661242;1258
1413;21,465849410267520;1416
1414;20,623759924943027;1416
1415;12,372872795226836;1416
1416;1,319458367183965;1416
1417;4,663034849455268;1416
1418;22,011370699047557;1416
1419;15,007172098109596;1416
1420;13,747738457044894;1416
1421;15,801975261866927;1416
1422;8,926516935137427;1416
1423;18,438957410947690;1258
1647;3,278294094032292;1648
1706;19,637334795094471;1416
1707;7,051808215907616;1416
1708;16,250915365433944;1416
1253;4,813867805538270;1258
1254;7,276029914868152;1258
1255;10,217974117314771;1258
1256;10,423800170166334;1258
1257;16,698642543437185;1258
1258;0,614668006485508;1258
1259;9,387636855673327;1258
1260;11,296226012108887;1258
1261;12,906305958306564;1561
1262;5,720268195344254;1634
1263;15,756504063694383;1299
1264;13,594675822107730;1561
1265;8,562239780228985;1634
1266;13,292770395348649;1561
1267;15,385097651776261;1634
1268;13,814490214098637;1272
1269;14,872349020066181;1272
1270;14,904237023530667;1299
1271;5,253810111888025;1272
1272;1,703476994328511;1272
1273;12,389105618627267;1272
1274;9,780285088198191;1272
1275;7,894894612653780;1272
1276;10,785981337230238;1272
1277;21,041781916989272;1272
1278;19,292439839811355;1258
1279;6,001237832528404;1272
1280;7,189545957512463;1299
1281;16,731953632302719;1272
1282;18,449995841918245;1286
1283;13,688435156082445;1286
1284;19,081966862968777;1299
1285;2,424044822603835;1286
1286;1,150823021989031;1286
1287;11,217622086520032;1286
1288;13,882072198120625;1286
1289;17,107539873474263;1286
1290;6,948929299544334;1286
1291;10,703082354463183;1286
1292;10,007286911857124;1561
1293;11,831905477173892;1299
1294;12,111039163150954;1299
1295;6,482273253968226;1561
1296;20,098733200126443;1299
1297;9,038867433110729;1561
1298;7,149720153449152;1561
1299;0,135283793338900;1299
1300;5,759506839401019;1299
1301;3,037214925163185;1299
1302;7,202012067552085;1299
1303;5,884083123455925;1299
1304;5,670668220042065;1561
1305;16,542323954606150;1299
1306;3,187255349795906;1561
1307;7,103898744299130;1258
1308;12,670600436811974;1258
1309;19,476366621620528;1258
1310;15,071201264359200;1258
1311;16,205443231304464;1258
1312;10,499014441456382;1258
1313;17,033975706747391;1258
1314;16,451787090926977;1258
1315;14,284392565561086;1258
1316;13,459739523705119;A114160
1317;6,221620656761646;A114160
1318;12,179550976907347;A114160
1319;9,020467402318072;1561
1320;1,826114430687888;A114160
1321;5,338295027582684;1561
1322;6,564612344871273;A114160
1323;16,112520128829367;A114160
1324;18,897087988374860;A114160
1325;2,246050284443550;A114160
1326;6,169643354378599;A114160
1327;4,940390423197769;1561
1328;5,266388799225868;A114160
1329;3,609140114169458;A114160
1330;7,529635754144392;1561
1331;6,888758685684772;1299
1332;17,867189398621065;1286
1333;4,877034781300416;1299
1334;12,019724664043441;1299
1335;20,324412626390714;1286
1336;25,503582512999749;1286
1337;17,137755899793891;1272
1338;16,768577209826788;1299
1339;11,905219136137212;1299
1340;11,997564211517757;1299
1341;9,124639399200467;A114160
1342;8,454495127663932;A114160
1343;10,960555419700759;A114160
1344;13,497428326129269;A114160
1345;5,386316217188958;A114160
1346;7,440759731709082;A114160
1347;9,725802713822061;A114160
1348;11,993872445399999;A114160
1349;8,244351158101720;A114160
1543;21,959314689563172;1272
1546;17,892106710473115;1272
1547;10,690066310225863;1272
1548;17,462877600716428;1272
1550;7,220085344990634;1286
1552;13,822570746158592;1272
1553;7,368368529320779;1272
1561;2,102676663885259;1561
1596;2,703614854274280;1286
1668;11,313390217103311;A114160
1669;12,349117071714799;1286
1670;16,803506004049009;1286
1671;6,002532352763509;1286
1672;21,270309204187562;1286
1675;7,615504785569111;1258
1676;7,521555425969874;1258
A114160;0,437792533174699;A114160
1111;3,023455758270867;112
1112;10,219836740060495;112
1113;14,007310151142772;1565
1114;20,520992253418171;112
1115;7,406030898868170;112
1116;12,825546177712141;112
1117;13,286314773837558;1565
1118;18,289936830021237;1565
1119;14,987159820799626;112
1120;17,998380380265250;112
1121;3,852494230441116;112
1122;17,924364506968313;112
1123;7,624353826232157;1129
1124;9,408815694355424;1129
1125;4,694480607865663;112
1126;4,936924351936995;1129
1127;8,375650693010430;1129
1128;4,591696727504722;1129
1129;1,257604865920229;1129
1130;3,682710247648754;1129
1131;5,350146803963788;1129
1132;8,483005110778169;112
1133;7,070536568064169;1129
1134;25,273007648783096;1766
1135;12,688727566545621;1729
1136;13,941157357333843;1729
1137;12,984507569245240;1729
1138;7,930228185943786;1729
1139;13,047561104131802;1729
1140;15,880008760720804;1565
1141;17,084616571166354;1729
1142;17,567647050981694;112
1143;17,471132134111127;112
1144;3,574040107210887;112
1145;9,453304195271679;112
1146;15,364395762413562;112
1147;20,828210056875378;1729
1148;13,145965523899360;112
1149;13,271815177309284;112
1150;8,281927800278675;112
1151;12,020288716727118;1129
1152;4,899292807594004;1729
1153;4,358051348978042;1129
1154;8,713443355924300;1129
1155;8,608508781190023;1729
1156;5,735389172472223;1729
1157;8,194434929508613;1129
1158;9,937411920444470;1729
1159;8,300759247399855;1729
1160;5,435481039573655;1129
1161;8,125967943374913;1129
1162;5,766494860329106;1729
1163;10,297560568336600;112
1164;9,380899473478145;1729
1165;12,784828918084962;1729
1166;22,588142109345419;1272
1167;23,196006204533862;1239
1168;23,881045796237888;112
1169;21,079120598425227;1239
1170;22,945928038802499;1565
1171;7,442504897284873;1565
1172;18,070185229524864;1239
1173;15,509634642606098;1565
1174;18,456926543175591;1729
1564;14,776129514614647;1565
1565;6,302540622070290;1565
1729;0,986961294754638;1729
1516;2,057168611958798;1516
1517;6,925788347549429;1516
1518;13,761562803431969;1523
1519;8,282110082367028;1523
1520;9,830106119785443;1523
1521;9,132232990022294;1523
1522;14,930074243752586;1523
1523;1,011692442807693;1523
1524;12,995685198270692;1523
1525;3,044865761793969;1523
1526;7,156185478877503;1523
1527;2,972504437701228;1523
1528;6,820354714573381;1523
1529;7,316804967240571;1523
1530;11,397707079597701;1523
1724;3,566525879737408;1516
1725;3,818035875745740;1516
1733;10,317587999495997;1516
1734;13,103447867550482;1523
1844;6,632969893091629;1523
171;7,214816838713415;179
172;6,375591816509710;179
173;5,567715814933379;179
174;10,028911670219516;179
175;3,678525929008292;179
176;8,140887363474267;179
177;2,662897646909998;179
178;4,058967001994939;179
179;0,960704360049249;179
180;14,365931528524770;179
181;6,052621718774083;179
182;7,887364391047937;193
183;2,923864323437974;193
184;4,365881935187242;193
185;8,016070855280081;193
186;16,677026599056418;1606
187;7,399257607460540;193
188;17,062904254560518;1624
189;4,237502512234864;193
190;10,886986640601325;193
191;6,251291820652400;193
192;7,740622988902499;193
193;1,091299832787108;193
194;3,369728965774766;193
195;4,222517048842824;193
196;8,481488231310326;193
197;12,347672260947123;1624
198;14,769742527320684;1606
199;10,248434679471629;193
200;6,264621264641784;193
201;8,297992114266467;193
202;12,781906343633526;193
203;11,054461656967925;193
204;13,907577359481243;1624
205;5,269370431644561;232
206;5,242209503981615;216
207;5,201459901241316;216
208;4,352425610588535;216
209;7,758631782454495;216
210;4,242217000732088;179
211;7,533929581961376;216
212;9,253577360516553;179
213;6,322465116417397;216
214;3,773883457537826;216
215;3,203492047980998;216
216;1,552973149465180;216
217;3,470755261631261;216
218;5,014588796374220;216
219;7,304077294141035;179
220;6,994073581193972;216
221;8,021334783121638;232
222;4,491795395731939;232
223;9,443346642487144;232
224;8,353458671992225;232
225;10,164689226816742;216
226;12,573191814083135;232
227;10,413229838668530;232
228;7,090312014225101;232
229;13,037965105536886;232
230;9,165552501205539;179
231;13,317081007243997;232
232;1,296608918540670;232
233;7,132754297619716;216
234;8,397062659890747;232
235;6,306644812755222;216
236;12,583241947532178;232
237;4,955201069711182;232
238;11,118445690019227;232
239;8,695874421069684;232
240;13,254182559739741;179
241;14,904753460549227;232
242;13,543492768561618;1624
243;11,391437291356402;1624
244;10,476464988497263;179
245;2,661983740827789;1624
246;10,119954329668756;1624
247;9,108926841921761;1624
248;14,080329803091267;179
249;13,135900798382984;1624
250;11,477898469559202;1624
251;9,424665292752467;179
252;8,235392819461625;1624
1622;8,406881559389156;193
1623;7,137898432333682;193
1625;4,605958664458352;1624
1835;3,153735486059319;232
1836;7,685692670952748;216
1837;1,591229046983395;1839
1838;7,010044877007327;1839
1839;3,242681709782197;1839
3;6,035114389069016;1749
4;2,772234106802427;1749
488;7,693866002917910;541
489;7,513290191918141;551
490;11,096105542859572;541
491;12,568026232144845;541
492;14,328973710161709;1749
493;11,917995774357076;551
494;11,984236757843931;541
495;9,733119335875642;551
496;7,394757400790590;551
497;8,497259704015674;551
498;9,392603386245826;541
499;10,833800245651721;1749
500;16,044415511045433;1739
501;3,308561129388437;1739
502;11,241303695202017;1739
503;6,900319781456527;1739
504;12,767111868128930;1739
505;5,872453257193062;1739
506;15,272942097486901;1626
507;8,325682501302664;1576
508;8,745302951978051;1576
509;3,551424766661701;1576
510;15,504226914442535;551
511;12,403775343478575;551
512;15,912110994829566;551
513;13,658875096362205;551
514;15,105028897890659;1576
515;5,338062679030286;1576
516;12,233446665648296;1576
517;9,018458013207434;1576
518;12,338474229516851;1576
519;13,973850063434424;1576
520;18,139874640372362;1626
521;12,408312105722230;1576
522;4,812850491233938;1576
523;15,532787740898359;1576
524;11,197694067653352;1576
525;14,482033828177331;551
526;14,235024618253870;1626
527;10,719960898785375;1576
528;10,570779883049317;541
529;9,201277815542506;1576
530;8,955610642507056;1739
531;3,565353964917182;541
532;9,625869392916243;561
533;4,779376011480808;541
534;7,396467510577216;541
535;12,291767737867396;551
536;6,747452716417027;541
537;10,348502492926833;541
538;7,633962114202016;541
539;11,329918011840441;541
540;7,382764070592248;1739
541;1,435433383556676;541
542;5,166795411061958;541
543;4,200149534229319;541
544;8,069334114376872;541
545;8,450625971896082;1752
546;3,719695515709539;551
547;4,190412346796228;551
548;5,924832748178190;1752
549;7,746314615711167;1749
550;3,027375368636620;551
551;0,962735275451051;551
552;6,323069103236000;551
553;4,208733253382762;551
554;7,001541230815739;551
555;4,997512226822781;551
556;8,666605332312885;551
557;9,563275250807260;1752
558;4,932489242304008;551
559;10,357393495080599;551
560;0,245169510695211;560
561;0,701584566210071;561
1575;3,410333771834550;1576
1576;0,612684745848218;1576
1589;19,533674878382268;541
1590;19,625277824507815;541
1722;7,072101287225842;561
1723;11,297419616346250;561
1736;8,017407788546505;1576
1737;8,892960683639327;1576
1738;6,822553569430347;1576
1739;0,732165645221013;1739
1740;5,136653086428220;1739
1741;10,800904909855735;1739
1742;1,776009028675527;1739
1743;7,738655233550287;1739
1744;15,863328261566537;560
1745;13,574394317592139;560
1746;6,144205857186826;541
1748;3,300256053286696;1749
1749;1,520688991199111;1749
1841;1,885095978063077;560
1842;3,947888317118653;561
1843;3,957447660766582;561
637;22,995759249625497;665
638;25,072690180406145;665
639;13,474635761641936;665
640;20,275050406230584;665
641;23,259081739395668;665
642;16,221784216510020;665
643;14,884701999394682;665
644;29,150624852914490;665
645;14,939853266928651;665
646;11,784059700266519;665
647;10,751300137903938;665
648;17,827033371498750;665
649;19,035407133114145;665
650;22,438695373238783;665
651;26,351903936403396;665
652;17,007482418230865;665
653;17,539465310925571;665
654;8,760234536327367;665
655;10,703385513112433;665
656;15,807373510769873;665
657;6,472711340839462;665
658;10,831446906327185;665
659;12,156452235971411;665
660;15,349058570175258;665
661;6,198762920362142;665
662;18,720051323144592;665
663;4,022302925777447;665
664;7,082259592401445;665
665;1,357967386891709;665
666;1,997339129862828;665
667;3,201832020678208;665
668;5,388813838948015;665
669;7,021150318390408;691
670;9,267556389741440;665
671;12,548565926172026;691
672;13,271246771547887;665
673;7,526396766640988;691
674;9,461772154323416;665
675;8,851693404125232;691
676;10,711826872648579;691
677;10,916565734391678;665
678;11,967113765685017;665
679;11,707195122381039;691
680;8,552053858353059;665
681;10,658787570277493;691
682;4,258941226451920;691
683;9,728644562579380;691
684;4,483661615103251;691
685;7,533509648706755;691
686;16,452099003540798;691
687;18,769552271407008;691
688;4,360665593717531;691
689;7,469784197738924;691
690;9,378596222572613;691
691;0,510969092970965;691
692;11,567550674525441;691
693;14,487206364177702;691
694;14,823297430445500;691
695;9,135878848141870;691
696;10,977862671215799;691
697;15,130181927910145;691
698;20,303392209296344;A114160
699;19,712341959936129;A114160
700;24,466568269050757;691
701;23,275027436461546;A114160
702;17,908311426535064;A114160
703;17,667074952272074;1561
704;15,963333980413543;A114160
705;13,296863455738027;1561
706;14,996759114627668;1561
707;25,033842130560924;A114160
708;9,683477785841950;1549
709;19,885016142850120;1549
710;10,491891999010379;1549
711;16,021328694399788;1549
1560;24,007424668183358;A114160
1652;15,070328189399886;665
1653;14,681532950198910;665
1654;20,520072939671032;1549
1655;18,643195187271179;1549
1656;15,605003566140514;1549
1657;24,073113445617761;1549
1658;16,673674761937658;1549
1659;20,646819780632406;1549
1660;15,660118076994738;1549
1661;6,152983006538083;665
1662;11,682520137701044;665
1663;13,664646942304250;691
1664;13,240292129110705;691
1665;16,502838207704112;691
1666;17,293282644089832;A114160
1667;19,308239385892698;A114160
1709;14,751672135317273;665
1710;14,997829280540088;665
1711;8,538013526457828;665
1712;6,425590132411953;665
1713;13,531911818522222;665
1464;22,110386088809079;1381
1465;15,028354938934610;1381
1466;8,224291770546776;1381
1467;15,429748359248507;1381
1468;11,038591969138515;1381
1469;8,737562552576568;1381
1470;18,610955732787755;1381
1471;11,256321002275676;1381
1472;14,259995277014545;1381
1473;7,820192937212480;1594
1474;12,981616154920372;1594
1475;16,732856614584055;1594
1476;16,996564317145044;1594
1477;20,845878174338075;1594
1478;14,880208486162397;1594
1479;20,277534548987372;1594
1480;14,868691113311543;1594
1481;11,883213465819214;1594
1482;22,439789811826820;1594
1483;18,801239303896153;1594
1484;19,003556799538430;1594
1485;26,549604112917109;1381
1486;13,310341802360707;1594
1487;16,749293586257725;1594
1488;6,320033930202563;1594
1489;12,747402994267910;1594
1490;17,951611581387336;1511
1491;19,094035826939535;1511
1492;7,033198278172536;1594
1493;4,672774577780252;1594
1494;0,763416806055075;1594
1495;4,309989231702790;1594
1496;2,974802768850492;1594
1497;10,145869653594051;1594
1677;9,832794812640884;1594
1678;9,820749591477316;1594
1175;16,929544454791571;1729
1176;8,230167667856730;1729
1177;14,823422860916615;1729
1178;13,249783519951903;1729
1179;17,730355096975313;1766
1180;12,052888121095522;1729
1181;11,945655253868306;1729
1182;9,283990829743733;1729
1183;15,667961435690632;1195
1184;5,318041965824720;1729
1185;14,936337374042477;1729
1186;14,292168806062035;1239
1187;7,669164138742739;1648
1188;9,507303475524552;1195
1189;9,328041380881556;1648
1190;9,453721335150647;1648
1191;11,361776160906958;1648
1192;12,339449672361086;1239
1193;5,391111483844401;1195
1194;4,387091884064120;1195
1195;1,300964847641708;1195
1196;7,973240760357921;1578
1197;3,574998318314911;1195
1198;5,560640733523078;1195
1199;11,351954931275216;1239
1200;8,085275832840674;1239
1201;5,484333080677249;1729
1202;12,923794118109146;1239
1203;9,208793777904274;1729
1204;11,196803276800974;1729
1205;9,097777078261206;1729
1206;12,348814965257443;1729
1207;3,802847372535326;1729
1208;3,625934744088387;1729
1209;11,215429420402460;1729
1210;7,160841055999023;1729
1211;8,967116640626287;1239
1212;8,404014337588556;1195
1213;8,082505886524277;1195
1214;6,425247800550053;1239
1215;9,426662278776540;1239
1216;3,248335200927923;1239
1217;17,288319190982438;1239
1218;4,758488527533410;1239
1219;6,681115139809276;1239
1220;10,500753004679229;1239
1221;4,008702807809292;1648
1222;13,615701022045936;1648
1223;7,026204726851422;1648
1224;7,403650068619173;1578
1225;10,109449431445581;1648
1226;10,340913828103583;1648
1227;10,852399378869839;1648
1228;23,261242732212448;1272
1229;26,476847513535681;1239
1230;18,092175700356186;1239
1231;7,853771959213484;1239
1232;4,786888071391120;1239
1233;14,448964585499404;1239
1234;14,137879695112112;1239
1235;27,415562494476230;1239
1236;11,604760322901978;1239
1237;29,135542677413273;1239
1238;16,541241951565887;1239
1239;0,661543595068844;1239
1240;26,542398667438409;1239
1241;10,511432624465472;1239
1242;20,860195869829802;1239
1243;12,117229208242140;1239
1244;9,865057237490475;1239
1245;15,902432584467038;1239
1246;4,488686543680604;1239
1247;9,713356271794206;1239
1248;10,069268861879312;1239
1249;21,193923163977821;1239
1250;14,750859037647015;1239
1251;20,807871234076604;1239
1252;4,772046003189479;1239
1562;30,922292586987158;1258
1563;5,573003011613705;1648
1644;3,652047003247189;1648
1645;4,624185216338172;1648
1646;5,131680793070678;1648
1648;0,698323337053880;1648
1727;12,067361165833645;1729
1728;15,969439441319635;1729
8;10,267743745163887;691
807;15,729524924127064;894
808;9,866191365293741;1634
809;8,199844982025082;1634
810;12,690037650685253;1634
811;7,293566492192276;1634
812;10,542655154106111;894
813;10,106579371887980;1634
814;11,969060835902264;894
815;10,822910710588591;894
816;19,538166770425118;894
817;12,974409926888599;1634
818;13,445276913311954;894
819;13,688588569322961;1634
820;13,846134001451720;1634
821;12,980263339974202;1634
822;11,313404449982530;1634
823;8,140338916317342;691
824;12,851513871239693;691
825;12,815980478290511;691
826;10,218041144951513;691
827;8,003842909223948;691
828;8,089275289599804;1565
829;5,695878426547853;1565
830;8,932147739323245;1565
831;7,251614567587832;1565
832;9,878909508640676;1565
833;7,685082708061806;1634
834;5,615261273172063;1634
835;5,019513776733151;1634
836;7,621315236871169;1634
837;6,045338714483545;1634
838;11,276987823248653;1634
839;10,753550895217479;1634
840;9,461879774304421;1634
841;21,129123274490112;1642
842;22,327737659444118;1642
843;15,783806873118925;1642
844;20,587217127474375;1642
845;16,395523594433538;1642
846;19,330119016560563;1642
847;18,939402000823705;894
848;21,213796376332208;112
849;19,040102902548565;1642
850;21,065541732751431;1565
851;19,323626004062039;1565
852;16,392210779095659;1642
853;7,824327693626392;894
854;13,556201668898405;894
855;15,876204025864290;894
856;14,852221915222048;1565
857;12,164345059098070;1565
858;15,800675831639106;894
859;15,314000085890894;1565
860;21,378243181493296;1272
861;15,727695301594084;1565
862;11,377137519052109;894
863;13,027302078290068;894
864;12,679975646098923;1565
865;13,369856032505416;894
866;6,675881888483608;1642
867;8,899841094185694;1642
868;20,017747226599440;894
869;11,785149024117832;1642
870;15,808294667991714;894
871;12,470151964959330;894
872;18,370116483863423;1642
873;7,874932563482318;894
874;17,813607967417834;1642
875;14,619810310338011;1642
876;14,582026715226286;1642
877;12,066355747624868;894
878;7,500102679097427;894
879;11,004269356387564;1642
880;3,020738152058069;894
881;12,911614288494615;1639
882;8,596118590784194;894
883;8,850971183467546;894
884;7,582980883001416;894
885;4,885714217273345;894
886;9,676801235860511;1639
887;9,902008159438953;894
888;12,877977350918522;894
889;6,718513146774419;894
890;7,364845345552279;894
891;8,204851875760367;894
892;5,979339573968621;894
893;14,209120402070866;894
894;0,974196151762298;894
895;7,967084697103487;894
896;22,560612493856631;1639
897;23,835083975435371;1634
898;16,372147998601594;1639
899;18,262099597344125;1639
900;12,492973162448562;1639
901;11,271528378260728;1639
902;15,250602804057358;894
903;16,415447491296074;894
904;15,179990047753710;1639
905;15,780583536960922;1639
906;13,514542175098414;894
907;20,402028132520201;1639
908;20,826746183222692;894
909;16,725888902698344;894
910;27,292783778924210;1639
911;19,940147444601926;1639
912;21,840251028630369;1639
913;11,155282962857006;1634
914;10,650360769988687;1634
915;14,099261376338527;691
916;15,414547477861225;1561
917;15,584127346545703;1561
918;12,461488872063196;1634
919;16,284970425490165;691
920;14,787109560356351;1634
921;14,591038955520437;1634
922;9,995799088703546;1634
923;12,356746121927761;1634
924;15,541861099776844;691
925;8,529924562956134;1634
926;13,294782609816348;691
927;12,229139684083554;691
928;17,892473541518807;1634
929;13,340452133178495;691
930;15,234543775123440;1639
931;17,114422688893079;1639
932;15,089373248558212;1642
933;10,733424344618371;1639
934;14,236932585892966;1639
935;13,761733916310481;1642
936;14,404209074246838;894
937;6,693993594507094;1642
938;9,377126513998052;894
939;13,220469330220666;894
940;11,763701252112346;1639
941;15,602991608073340;894
942;9,648870301786348;1642
943;12,586967730630910;1642
1534;17,917261015910768;894
1535;20,495822483920101;894
1536;15,306299375358904;894
1537;13,219332022266853;1565
1538;8,534936791747317;1565
1539;18,562237691498375;1565
1541;6,167715768648779;691
1542;4,537097902138520;691
1566;4,639650274482109;1565
1567;3,612141557547658;1565
1573;3,951981240351158;1642
1633;3,022768511075560;1634
1634;1,333464389065838;1634
1635;2,996239845909172;1634
1673;9,601834349652192;691
1674;7,900080574349391;691
1704;3,444225156965045;1634
1705;6,819582291878500;1634
